﻿<?xml version="1.0" encoding="utf-8"?>
<Feature xmlns="http://schemas.microsoft.com/sharepoint/" Title="$Resources:FBAPackFeatures,FbaManagement_Title;" Description="$Resources:FBAPackFeatures,FbaManagement_Desc;" AlwaysForceInstall="TRUE" DefaultResourceFile="FBAPackFeatures" Id="d57f4817-f1f9-42aa-863c-139804c731b0" ReceiverAssembly="Visigo.Sharepoint.FormsBasedAuthentication, Version=1.0.0.0, Culture=neutral, PublicKeyToken=9dba9f460226d31d" ReceiverClass="Visigo.Sharepoint.FormsBasedAuthentication.Features.FBAManagement.FBAManagementEventReceiver" Scope="Site">
  <ElementManifests>
    <ElementManifest Location="ChangePasswordWebPart\Elements.xml" />
    <ElementFile Location="ChangePasswordWebPart\ChangePasswordWebPart.webpart" />
    <ElementManifest Location="MembershipRequestWebPart\Elements.xml" />
    <ElementFile Location="MembershipRequestWebPart\MembershipRequestWebPart.webpart" />
    <ElementManifest Location="PasswordRecoveryWebPart\Elements.xml" />
    <ElementFile Location="PasswordRecoveryWebPart\PasswordRecoveryWebPart.webpart" />
    <ElementManifest Location="FBAMenus\Elements.xml" />
    <ElementManifest Location="MembershipReviewList\Elements.xml" />
    <ElementFile Location="MembershipReviewList\Schema.xml" />
    <ElementManifest Location="Site Membership Review List\Elements.xml" />
  </ElementManifests>
</Feature>