﻿<?xml version="1.0" encoding="utf-8"?>
<Solution xmlns="http://schemas.microsoft.com/sharepoint/" SolutionId="956715d5-f34c-4b00-bfb7-8c35d5fa0f62" SharePointProductVersion="15.0">
  <ApplicationResourceFiles>
    <App_GlobalResourceFile Location="FBAPackWebPages.zh-CN.resx" />
    <App_GlobalResourceFile Location="FBAPackWebPages.resx" />
    <App_GlobalResourceFile Location="FBAPackWebPages.zh-HK.resx" />
    <App_GlobalResourceFile Location="FBAPackWebPages.en-US.resx" />
  </ApplicationResourceFiles>
  <Assemblies>
    <Assembly Location="Visigo.Sharepoint.FormsBasedAuthentication.dll" DeploymentTarget="GlobalAssemblyCache">
      <SafeControls>
        <SafeControl Assembly="Visigo.Sharepoint.FormsBasedAuthentication, Version=1.0.0.0, Culture=neutral, PublicKeyToken=9dba9f460226d31d" Namespace="Visigo.Sharepoint.FormsBasedAuthentication" TypeName="*" />
        <SafeControl Assembly="Visigo.Sharepoint.FormsBasedAuthentication, Version=1.0.0.0, Culture=neutral, PublicKeyToken=9dba9f460226d31d" Namespace="Visigo.Sharepoint.FormsBasedAuthentication" TypeName="*" />
        <SafeControl Assembly="Visigo.Sharepoint.FormsBasedAuthentication, Version=1.0.0.0, Culture=neutral, PublicKeyToken=9dba9f460226d31d" Namespace="Visigo.Sharepoint.FormsBasedAuthentication" TypeName="*" />
      </SafeControls>
    </Assembly>
  </Assemblies>
  <RootFiles>
    <RootFile Location="Resources\FBAPackMenus.resx" />
    <RootFile Location="Resources\FBAPackMenus.zh-CN.resx" />
    <RootFile Location="Resources\FBAPackMenus.zh-HK.resx" />
    <RootFile Location="Resources\FBAPackFeatures.resx" />
    <RootFile Location="Resources\FBAPackFeatures.zh-CN.resx" />
    <RootFile Location="Resources\FBAPackFeatures.zh-HK.resx" />
    <RootFile Location="Resources\FBAPackMenus.de-DE.resx" />
    <RootFile Location="Resources\FBAPackChangePasswordWebPart.resx" />
    <RootFile Location="Resources\FBAPackChangePasswordWebPart.zh-CN.resx" />
    <RootFile Location="Resources\FBAPackChangePasswordWebPart.zh-HK.resx" />
    <RootFile Location="Resources\FBAPackMembershipRequestWebPart.resx" />
    <RootFile Location="Resources\FBAPackMembershipRequestWebPart.zh-CN.resx" />
    <RootFile Location="Resources\FBAPackMembershipRequestWebPart.zh-HK.resx" />
    <RootFile Location="Resources\FBAPackPasswordRecoveryWebPart.resx" />
    <RootFile Location="Resources\FBAPackPasswordRecoveryWebPart.zh-CN.resx" />
    <RootFile Location="Resources\FBAPackPasswordRecoveryWebPart.zh-HK.resx" />
    <RootFile Location="Resources\FBAPackChangePasswordWebPart.en-US.resx" />
    <RootFile Location="Resources\FBAPackFeatures.en-US.resx" />
    <RootFile Location="Resources\FBAPackMembershipRequestWebPart.en-US.resx" />
    <RootFile Location="Resources\FBAPackMenus.en-US.resx" />
    <RootFile Location="Resources\FBAPackPasswordRecoveryWebPart.en-US.resx" />
    <RootFile Location="Resources\FBAPackPasswordRecoveryWebPart.de-DE.resx" />
    <RootFile Location="Resources\FBAPackChangePasswordWebPart.de-DE.resx" />
  </RootFiles>
  <TemplateFiles>
    <TemplateFile Location="Layouts\FBA\ImageHipChallenge.ashx" />
    <TemplateFile Location="Layouts\FBA\MANAGEMENT\UserResetPassword.aspx" />
    <TemplateFile Location="Layouts\FBA\WEBPARTS\ChangePasswordWebPart\ChangePasswordTemplate.ascx" />
    <TemplateFile Location="Layouts\FBA\WEBPARTS\ChangePasswordWebPart\SuccessTemplate.ascx" />
    <TemplateFile Location="Layouts\FBA\WEBPARTS\MembershipRequestWebPart\CompleteStepTemplate.ascx" />
    <TemplateFile Location="Layouts\FBA\WEBPARTS\MembershipRequestWebPart\CreateUserStepTemplate.ascx" />
    <TemplateFile Location="Layouts\FBA\WEBPARTS\PasswordRecoveryWebPart\QuestionTemplate.ascx" />
    <TemplateFile Location="Layouts\FBA\WEBPARTS\PasswordRecoveryWebPart\SuccessTemplate.ascx" />
    <TemplateFile Location="Layouts\FBA\WEBPARTS\PasswordRecoveryWebPart\UserNameTemplate.ascx" />
    <TemplateFile Location="Layouts\FBA\ChangePassword.aspx" />
    <TemplateFile Location="Layouts\FBA\MANAGEMENT\FBASiteConfiguration.aspx" />
    <TemplateFile Location="Layouts\FBA\MANAGEMENT\RoleDelete.aspx" />
    <TemplateFile Location="Layouts\FBA\MANAGEMENT\RoleNew.aspx" />
    <TemplateFile Location="Layouts\FBA\MANAGEMENT\RolesDisp.aspx" />
    <TemplateFile Location="Layouts\FBA\MANAGEMENT\UserDelete.aspx" />
    <TemplateFile Location="Layouts\FBA\MANAGEMENT\UserEdit.aspx" />
    <TemplateFile Location="Layouts\FBA\MANAGEMENT\UserNew.aspx" />
    <TemplateFile Location="Layouts\FBA\MANAGEMENT\UsersDisp.aspx" />
    <TemplateFile Location="Layouts\layouts.sitemap.FBAManagement.xml" />
  </TemplateFiles>
  <FeatureManifests>
    <FeatureManifest Location="FBAManagement\Feature.xml" />
    <FeatureManifest Location="Visigo.Sharepoint.FormsBasedAuthentication_FBADiagnosticsService\Feature.xml" />
  </FeatureManifests>
</Solution>
